method,category,queries,recall@10,recall@50,R@10 (%),R@50 (%)
Additive,dress,2017,0.2196331184928111,0.4179474467030243,21.96,41.79
Additive,shirt,2038,0.22129538763493622,0.3763493621197252,22.13,37.63
Additive,toptee,1961,0.268230494645589,0.45181030086690466,26.82,45.18
Additive,Macro Average,6016,0.23638633359111214,0.41536903656321805,23.64,41.54
Additive,Micro Overall,6016,0.2360372340425532,0.4148936170212766,23.6,41.49
Attention-Gated,dress,2017,0.360932077342588,0.5959345562716907,36.09,59.59
Attention-Gated,shirt,2038,0.37978410206084395,0.570657507360157,37.98,57.07
Attention-Gated,toptee,1961,0.42172361040285566,0.658847526772055,42.17,65.88
Attention-Gated,Macro Average,6016,0.3874799299354292,0.6084798634679676,38.75,60.85
Attention-Gated,Micro Overall,6016,0.3871343085106383,0.6078789893617021,38.71,60.79
